Workbook

Sheet Overview
A1: Deck selection -- Pokemon TCG AI Battle Challenge
A3: Deck identity key: ace/carry Pokemon -- the Pokemon card maximizing
A4: (evolution_stage + ex/megaEx bonus, copy_count) in the 60-card list. Chosen over the exact
A5: 60-card multiset because the multiset over-fragments (rule_baseline's actual runtime deck
A6: differs card-for-card from il_agent's own 'same' Mega Lucario ex deck), while ace/carry
A7: Pokemon is the granularity this repo's own field decks are already named at.
A9: Familiarity floor: >=150 training episodes (~28,500 decisions at the corpus-wide average
A10: of 190 decisions/episode). Sits in a natural gap: lowest deck above it (Dragapult ex, 318 eps)
A11: has ~3x the next-highest deck below it (Thwackey, 111 eps).
A13: Policy checkpoint held fixed across every deck arm: il_agent (the repo's trained BC transformer,
A14: models/il_agent). Only the 60-card list it submits at the deck-selection step varies -- the model
A15: weights and code are byte-identical across every il_agent@<deck> arm below.
... A36: a non-overlapping 95% CI.

Sheet Corpus & Field Decks
A1: Table 1: Corpus decks (splits/train-2026-07-26, 4554 episodes, ace/carry Pokemon identity)
A2: Ace / carry Pokemon | B2: Episodes (distinct) | C2: Deck-instances (both seats) | D2: Distinct exact 60-card multisets
A3: Marnie's Grimmsnarl ex | B3: 3488 | C3: 4672 | D3: 15
A4: Alakazam | B4: 1542 | C4: 1693 | D4: 8
A5: Team Rocket's Spidops | B5: 784 | C5: 813 | D5: 11
A6: Cynthia's Garchomp ex | B6: 625 | C6: 642 | D6: 3
A7: Mega Kangaskhan ex | B7: 600 | C7: 604 | D7: 5
A8: Dragapult ex | B8: 318 | C8: 319 | D8: 4
A9: Thwackey | B9: 111 | C9: 112 | D9: 2
A10: Crustle | B10: 92 | C10: 93 | D10: 4
A11: Mega Lopunny ex | B11: 77 | C11: 77 | D11: 2
A12: Mega Froslass ex | B12: 38 | C12: 38 | D12: 3
A13: Cornerstone Mask Ogerpon ex | B13: 16 | C13: 16 | D13: 2
A14: N’s Zoroark ex | B14: 12 | C14: 12 | D14: 2
... A19: Mega Lucario ex | B19: 1 | C19: 1 | D19: 1
A21: Table 2: Field decks (9 agents/*/deck.csv + rule_baseline runtime deck)
A22: Ace / carry Pokemon | B22: Pool agent(s)
A23: Mega Lucario ex | B23: rule_baseline, il_agent, random_legal, dedquoc_rule_engine, grunt, improved_prob_main, makthanithin_improved_prob
A24: Alakazam | B24: ryotasueyoshi_alakazam, mechi22_alakazam
A25: Dragapult ex | B25: kiyotah_dragapult
A26: Mega Abomasnow ex | B26: kiyotah_abomasnow
A27: Iono's Bellibolt ex | B27: kiyotah_iono
A29: 5-minute question: rule_baseline pilots Mega Lucario ex (loaded at runtime from submissions/mega_lucario/deck.csv).
A30: Note: repo-root deck.csv does not exist -- a stale claim in the ptcg-repo-context skill, flagged not trusted.

Sheet Familiarity Audit
A1: Floor: >= 150 training episodes (natural gap between Dragapult ex, 318, and Thwackey, 111)
A2: Ace / carry Pokemon | B2: Episodes | C2: Status
A3: Marnie's Grimmsnarl ex | B3: 3488 | C3: measured
A4: Alakazam | B4: 1542 | C4: measured
A5: Team Rocket's Spidops | B5: 784 | C5: measured
A6: Cynthia's Garchomp ex | B6: 625 | C6: measured
A7: Mega Kangaskhan ex | B7: 600 | C7: measured
A8: Dragapult ex | B8: 318 | C8: measured
A9: Thwackey | B9: 111 | C9: UNMEASURED
A10: Crustle | B10: 92 | C10: UNMEASURED
A11: Mega Lopunny ex | B11: 77 | C11: UNMEASURED
A12: Mega Froslass ex | B12: 38 | C12: UNMEASURED
A13: Cornerstone Mask Ogerpon ex | B13: 16 | C13: UNMEASURED
A14: N’s Zoroark ex | B14: 12 | C14: UNMEASURED
... A19: Mega Lucario ex | B19: 1 | C19: UNMEASURED

Sheet Raw Counts
A1: Deck arm (il_agent policy, deck overridden) | B1: kiyotah_dragapult wins | C1: kiyotah_iono wins | D1: kiyotah_abomasnow wins | E1: dedquoc_rule_engine wins | F1: ryotasueyoshi_alakazam wins | G1: makthanithin_improved_prob wins | H1: mechi22_alakazam wins | I1: random_legal wins | J1: kiyotah_dragapult games | K1: kiyotah_iono games | L1: kiyotah_abomasnow games | M1: dedquoc_rule_engine games | N1: ryotasueyoshi_alakazam games | O1: makthanithin_improved_prob games | P1: mechi22_alakazam games | Q1: random_legal games
A2: Mega Lucario ex (control) | B2: 5 | C2: 6 | D2: 8 | E2: 32 | F2: 6 | G2: 3 | H2: 1 | I2: 34 | J2: 40 | K2: 40 | L2: 40 | M2: 40 | N2: 40 | O2: 40 | P2: 40 | Q2: 40
A3: Dragapult ex | B3: 17 | C3: 13 | D3: 14 | E3: 36 | F3: 26 | G3: 11 | H3: 33 | I3: 38 | J3: 40 | K3: 40 | L3: 40 | M3: 40 | N3: 40 | O3: 40 | P3: 40 | Q3: 40
A4: Alakazam | B4: 19 | C4: 23 | D4: 35 | E4: 40 | F4: 28 | G4: 22 | H4: 10 | I4: 40 | J4: 40 | K4: 40 | L4: 40 | M4: 40 | N4: 40 | O4: 40 | P4: 40 | Q4: 40
A5: Marnie's Grimmsnarl ex | B5: 35 | C5: 29 | D5: 16 | E5: 40 | F5: 32 | G5: 22 | H5: 37 | I5: 40 | J5: 40 | K5: 40 | L5: 40 | M5: 40 | N5: 40 | O5: 40 | P5: 40 | Q5: 40
A6: Team Rocket's Spidops | B6: 19 | C6: 24 | D6: 20 | E6: 39 | F6: 39 | G6: 16 | H6: 39 | I6: 40 | J6: 40 | K6: 40 | L6: 40 | M6: 40 | N6: 40 | O6: 40 | P6: 40 | Q6: 40
A7: Cynthia's Garchomp ex | B7: 26 | C7: 34 | D7: 15 | E7: 40 | F7: 30 | G7: 21 | H7: 22 | I7: 39 | J7: 40 | K7: 40 | L7: 40 | M7: 40 | N7: 40 | O7: 40 | P7: 40 | Q7: 40
A8: Mega Kangaskhan ex | B8: 4 | C8: 8 | D8: 9 | E8: 36 | F8: 27 | G8: 4 | H8: 19 | I8: 37 | J8: 40 | K8: 40 | L8: 40 | M8: 40 | N8: 40 | O8: 40 | P8: 40 | Q8: 40
A10: Source: reports/deck_selection_benchmark.json (scripts/benchmark_agents.py --games 20 --no-glicko-persist)

Sheet Deck x Opponent Matrix
A1: Deck | B1: Corpus episodes (Table, Familiarity Audit sheet) | C1: kiyotah_dragapult | D1: kiyotah_iono | E1: kiyotah_abomasnow | F1: dedquoc_rule_engine | G1: ryotasueyoshi_alakazam | H1: makthanithin_improved_prob | I1: mechi22_alakazam | J1: random_legal | K1: vs-field win % | L1: vs-field sigma % | M1: vs-field games (n)
A2: Mega Lucario ex (control) | B2: 1 | C2: =TEXT('Raw Counts'!B2/'Raw Counts'!J2*100,"0.0")&"% +/- "&TEXT(SQRT(('Raw Counts'!B2/'Raw Counts'!J2)*(1-'Raw Counts'!B2/'Raw Counts'!J2)/'Raw Counts'!J2)*100,"0.0")&"%" -> 12.5% +/- 5.2% | D2: =TEXT('Raw Counts'!C2/'Raw Counts'!K2*100,"0.0")&"% +/- "&TEXT(SQRT(('Raw Counts'!C2/'Raw Counts'!K2)*(1-'Raw Counts'!C2/'Raw Counts'!K2)/'Raw Counts'!K2)*100,"0.0")&"%" -> 15.0% +/- 5.6% | E2: =TEXT('Raw Counts'!D2/'Raw Counts'!L2*100,"0.0")&"% +/- "&TEXT(SQRT(('Raw Counts'!D2/'Raw Counts'!L2)*(1-'Raw Counts'!D2/'Raw Counts'!L2)/'Raw Counts'!L2)*100,"0.0")&"%" -> 20.0% +/- 6.3% | F2: =TEXT('Raw Counts'!E2/'Raw Counts'!M2*100,"0.0")&"% +/- "&TEXT(SQRT(('Raw Counts'!E2/'Raw Counts'!M2)*(1-'Raw Counts'!E2/'Raw Counts'!M2)/'Raw Counts'!M2)*100,"0.0")&"%" -> 80.0% +/- 6.3% | G2: =TEXT('Raw Counts'!F2/'Raw Counts'!N2*100,"0.0")&"% +/- "&TEXT(SQRT(('Raw Counts'!F2/'Raw Counts'!N2)*(1-'Raw Counts'!F2/'Raw Counts'!N2)/'Raw Counts'!N2)*100,"0.0")&"%" -> 15.0% +/- 5.6% | H2: =TEXT('Raw Counts'!G2/'Raw Counts'!O2*100,"0.0")&"% +/- "&TEXT(SQRT(('Raw Counts'!G2/'Raw Counts'!O2)*(1-'Raw Counts'!G2/'Raw Counts'!O2)/'Raw Counts'!O2)*100,"0.0")&"%" -> 7.5% +/- 4.2% | I2: =TEXT('Raw Counts'!H2/'Raw Counts'!P2*100,"0.0")&"% +/- "&TEXT(SQRT(('Raw Counts'!H2/'Raw Counts'!P2)*(1-'Raw Counts'!H2/'Raw Counts'!P2)/'Raw Counts'!P2)*100,"0.0")&"%" -> 2.5% +/- 2.5% | J2: =TEXT('Raw Counts'!I2/'Raw Counts'!Q2*100,"0.0")&"% +/- "&TEXT(SQRT(('Raw Counts'!I2/'Raw Counts'!Q2)*(1-'Raw Counts'!I2/'Raw Counts'!Q2)/'Raw Counts'!Q2)*100,"0.0")&"%" -> 85.0% +/- 5.6% | K2: =SUM('Raw Counts'!B2:I2)/SUM('Raw Counts'!J2:Q2)*100 -> 29.6875 | L2: =SQRT((SUM('Raw Counts'!B2:I2)/SUM('Raw Counts'!J2:Q2))*(1-SUM('Raw Counts'!B2:I2)/SUM('Raw Counts'!J2:Q2))/SUM('Raw Counts'!J2:Q2))*100 -> 2.5540423 | M2: =SUM('Raw Counts'!J2:Q2) -> 320
A3: Dragapult ex | B3: 318 | C3: =TEXT('Raw Counts'!B3/'Raw Counts'!J3*100,"0.0")&"% +/- "&TEXT(SQRT(('Raw Counts'!B3/'Raw Counts'!J3)*(1-'Raw Counts'!B3/'Raw Counts'!J3)/'Raw Counts'!J3)*100,"0.0")&"%" -> 42.5% +/- 7.8% | D3: =TEXT('Raw Counts'!C3/'Raw Counts'!K3*100,"0.0")&"% +/- "&TEXT(SQRT(('Raw Counts'!C3/'Raw Counts'!K3)*(1-'Raw Counts'!C3/'Raw Counts'!K3)/'Raw Counts'!K3)*100,"0.0")&"%" -> 32.5% +/- 7.4% | E3: =TEXT('Raw Counts'!D3/'Raw Counts'!L3*100,"0.0")&"% +/- "&TEXT(SQRT(('Raw Counts'!D3/'Raw Counts'!L3)*(1-'Raw Counts'!D3/'Raw Counts'!L3)/'Raw Counts'!L3)*100,"0.0")&"%" -> 35.0% +/- 7.5% | F3: =TEXT('Raw Counts'!E3/'Raw Counts'!M3*100,"0.0")&"% +/- "&TEXT(SQRT(('Raw Counts'!E3/'Raw Counts'!M3)*(1-'Raw Counts'!E3/'Raw Counts'!M3)/'Raw Counts'!M3)*100,"0.0")&"%" -> 90.0% +/- 4.7% | G3: =TEXT('Raw Counts'!F3/'Raw Counts'!N3*100,"0.0")&"% +/- "&TEXT(SQRT(('Raw Counts'!F3/'Raw Counts'!N3)*(1-'Raw Counts'!F3/'Raw Counts'!N3)/'Raw Counts'!N3)*100,"0.0")&"%" -> 65.0% +/- 7.5% | H3: =TEXT('Raw Counts'!G3/'Raw Counts'!O3*100,"0.0")&"% +/- "&TEXT(SQRT(('Raw Counts'!G3/'Raw Counts'!O3)*(1-'Raw Counts'!G3/'Raw Counts'!O3)/'Raw Counts'!O3)*100,"0.0")&"%" -> 27.5% +/- 7.1% | I3: =TEXT('Raw Counts'!H3/'Raw Counts'!P3*100,"0.0")&"% +/- "&TEXT(SQRT(('Raw Counts'!H3/'Raw Counts'!P3)*(1-'Raw Counts'!H3/'Raw Counts'!P3)/'Raw Counts'!P3)*100,"0.0")&"%" -> 82.5% +/- 6.0% | J3: =TEXT('Raw Counts'!I3/'Raw Counts'!Q3*100,"0.0")&"% +/- "&TEXT(SQRT(('Raw Counts'!I3/'Raw Counts'!Q3)*(1-'Raw Counts'!I3/'Raw Counts'!Q3)/'Raw Counts'!Q3)*100,"0.0")&"%" -> 95.0% +/- 3.4% | K3: =SUM('Raw Counts'!B3:I3)/SUM('Raw Counts'!J3:Q3)*100 -> 58.75 | L3: =SQRT((SUM('Raw Counts'!B3:I3)/SUM('Raw Counts'!J3:Q3))*(1-SUM('Raw Counts'!B3:I3)/SUM('Raw Counts'!J3:Q3))/SUM('Raw Counts'!J3:Q3))*100 -> 2.7519524 | M3: =SUM('Raw Counts'!J3:Q3) -> 320
A4: Alakazam | B4: 1542 | C4: =TEXT('Raw Counts'!B4/'Raw Counts'!J4*100,"0.0")&"% +/- "&TEXT(SQRT(('Raw Counts'!B4/'Raw Counts'!J4)*(1-'Raw Counts'!B4/'Raw Counts'!J4)/'Raw Counts'!J4)*100,"0.0")&"%" -> 47.5% +/- 7.9% | D4: =TEXT('Raw Counts'!C4/'Raw Counts'!K4*100,"0.0")&"% +/- "&TEXT(SQRT(('Raw Counts'!C4/'Raw Counts'!K4)*(1-'Raw Counts'!C4/'Raw Counts'!K4)/'Raw Counts'!K4)*100,"0.0")&"%" -> 57.5% +/- 7.8% | E4: =TEXT('Raw Counts'!D4/'Raw Counts'!L4*100,"0.0")&"% +/- "&TEXT(SQRT(('Raw Counts'!D4/'Raw Counts'!L4)*(1-'Raw Counts'!D4/'Raw Counts'!L4)/'Raw Counts'!L4)*100,"0.0")&"%" -> 87.5% +/- 5.2% | F4: =TEXT('Raw Counts'!E4/'Raw Counts'!M4*100,"0.0")&"% +/- "&TEXT(SQRT(('Raw Counts'!E4/'Raw Counts'!M4)*(1-'Raw Counts'!E4/'Raw Counts'!M4)/'Raw Counts'!M4)*100,"0.0")&"%" -> 100.0% +/- 0.0% | G4: =TEXT('Raw Counts'!F4/'Raw Counts'!N4*100,"0.0")&"% +/- "&TEXT(SQRT(('Raw Counts'!F4/'Raw Counts'!N4)*(1-'Raw Counts'!F4/'Raw Counts'!N4)/'Raw Counts'!N4)*100,"0.0")&"%" -> 70.0% +/- 7.2% | H4: =TEXT('Raw Counts'!G4/'Raw Counts'!O4*100,"0.0")&"% +/- "&TEXT(SQRT(('Raw Counts'!G4/'Raw Counts'!O4)*(1-'Raw Counts'!G4/'Raw Counts'!O4)/'Raw Counts'!O4)*100,"0.0")&"%" -> 55.0% +/- 7.9% | I4: =TEXT('Raw Counts'!H4/'Raw Counts'!P4*100,"0.0")&"% +/- "&TEXT(SQRT(('Raw Counts'!H4/'Raw Counts'!P4)*(1-'Raw Counts'!H4/'Raw Counts'!P4)/'Raw Counts'!P4)*100,"0.0")&"%" -> 25.0% +/- 6.8% | J4: =TEXT('Raw Counts'!I4/'Raw Counts'!Q4*100,"0.0")&"% +/- "&TEXT(SQRT(('Raw Counts'!I4/'Raw Counts'!Q4)*(1-'Raw Counts'!I4/'Raw Counts'!Q4)/'Raw Counts'!Q4)*100,"0.0")&"%" -> 100.0% +/- 0.0% | K4: =SUM('Raw Counts'!B4:I4)/SUM('Raw Counts'!J4:Q4)*100 -> 67.8125 | L4: =SQRT((SUM('Raw Counts'!B4:I4)/SUM('Raw Counts'!J4:Q4))*(1-SUM('Raw Counts'!B4:I4)/SUM('Raw Counts'!J4:Q4))/SUM('Raw Counts'!J4:Q4))*100 -> 2.6117013 | M4: =SUM('Raw Counts'!J4:Q4) -> 320
A5: Marnie's Grimmsnarl ex | B5: 3488 | C5: =TEXT('Raw Counts'!B5/'Raw Counts'!J5*100,"0.0")&"% +/- "&TEXT(SQRT(('Raw Counts'!B5/'Raw Counts'!J5)*(1-'Raw Counts'!B5/'Raw Counts'!J5)/'Raw Counts'!J5)*100,"0.0")&"%" -> 87.5% +/- 5.2% | D5: =TEXT('Raw Counts'!C5/'Raw Counts'!K5*100,"0.0")&"% +/- "&TEXT(SQRT(('Raw Counts'!C5/'Raw Counts'!K5)*(1-'Raw Counts'!C5/'Raw Counts'!K5)/'Raw Counts'!K5)*100,"0.0")&"%" -> 72.5% +/- 7.1% | E5: =TEXT('Raw Counts'!D5/'Raw Counts'!L5*100,"0.0")&"% +/- "&TEXT(SQRT(('Raw Counts'!D5/'Raw Counts'!L5)*(1-'Raw Counts'!D5/'Raw Counts'!L5)/'Raw Counts'!L5)*100,"0.0")&"%" -> 40.0% +/- 7.7% | F5: =TEXT('Raw Counts'!E5/'Raw Counts'!M5*100,"0.0")&"% +/- "&TEXT(SQRT(('Raw Counts'!E5/'Raw Counts'!M5)*(1-'Raw Counts'!E5/'Raw Counts'!M5)/'Raw Counts'!M5)*100,"0.0")&"%" -> 100.0% +/- 0.0% | G5: =TEXT('Raw Counts'!F5/'Raw Counts'!N5*100,"0.0")&"% +/- "&TEXT(SQRT(('Raw Counts'!F5/'Raw Counts'!N5)*(1-'Raw Counts'!F5/'Raw Counts'!N5)/'Raw Counts'!N5)*100,"0.0")&"%" -> 80.0% +/- 6.3% | H5: =TEXT('Raw Counts'!G5/'Raw Counts'!O5*100,"0.0")&"% +/- "&TEXT(SQRT(('Raw Counts'!G5/'Raw Counts'!O5)*(1-'Raw Counts'!G5/'Raw Counts'!O5)/'Raw Counts'!O5)*100,"0.0")&"%" -> 55.0% +/- 7.9% | I5: =TEXT('Raw Counts'!H5/'Raw Counts'!P5*100,"0.0")&"% +/- "&TEXT(SQRT(('Raw Counts'!H5/'Raw Counts'!P5)*(1-'Raw Counts'!H5/'Raw Counts'!P5)/'Raw Counts'!P5)*100,"0.0")&"%" -> 92.5% +/- 4.2% | J5: =TEXT('Raw Counts'!I5/'Raw Counts'!Q5*100,"0.0")&"% +/- "&TEXT(SQRT(('Raw Counts'!I5/'Raw Counts'!Q5)*(1-'Raw Counts'!I5/'Raw Counts'!Q5)/'Raw Counts'!Q5)*100,"0.0")&"%" -> 100.0% +/- 0.0% | K5: =SUM('Raw Counts'!B5:I5)/SUM('Raw Counts'!J5:Q5)*100 -> 78.4375 | L5: =SQRT((SUM('Raw Counts'!B5:I5)/SUM('Raw Counts'!J5:Q5))*(1-SUM('Raw Counts'!B5:I5)/SUM('Raw Counts'!J5:Q5))/SUM('Raw Counts'!J5:Q5))*100 -> 2.2989866 | M5: =SUM('Raw Counts'!J5:Q5) -> 320
A6: Team Rocket's Spidops | B6: 784 | C6: =TEXT('Raw Counts'!B6/'Raw Counts'!J6*100,"0.0")&"% +/- "&TEXT(SQRT(('Raw Counts'!B6/'Raw Counts'!J6)*(1-'Raw Counts'!B6/'Raw Counts'!J6)/'Raw Counts'!J6)*100,"0.0")&"%" -> 47.5% +/- 7.9% | D6: =TEXT('Raw Counts'!C6/'Raw Counts'!K6*100,"0.0")&"% +/- "&TEXT(SQRT(('Raw Counts'!C6/'Raw Counts'!K6)*(1-'Raw Counts'!C6/'Raw Counts'!K6)/'Raw Counts'!K6)*100,"0.0")&"%" -> 60.0% +/- 7.7% | E6: =TEXT('Raw Counts'!D6/'Raw Counts'!L6*100,"0.0")&"% +/- "&TEXT(SQRT(('Raw Counts'!D6/'Raw Counts'!L6)*(1-'Raw Counts'!D6/'Raw Counts'!L6)/'Raw Counts'!L6)*100,"0.0")&"%" -> 50.0% +/- 7.9% | F6: =TEXT('Raw Counts'!E6/'Raw Counts'!M6*100,"0.0")&"% +/- "&TEXT(SQRT(('Raw Counts'!E6/'Raw Counts'!M6)*(1-'Raw Counts'!E6/'Raw Counts'!M6)/'Raw Counts'!M6)*100,"0.0")&"%" -> 97.5% +/- 2.5% | G6: =TEXT('Raw Counts'!F6/'Raw Counts'!N6*100,"0.0")&"% +/- "&TEXT(SQRT(('Raw Counts'!F6/'Raw Counts'!N6)*(1-'Raw Counts'!F6/'Raw Counts'!N6)/'Raw Counts'!N6)*100,"0.0")&"%" -> 97.5% +/- 2.5% | H6: =TEXT('Raw Counts'!G6/'Raw Counts'!O6*100,"0.0")&"% +/- "&TEXT(SQRT(('Raw Counts'!G6/'Raw Counts'!O6)*(1-'Raw Counts'!G6/'Raw Counts'!O6)/'Raw Counts'!O6)*100,"0.0")&"%" -> 40.0% +/- 7.7% | I6: =TEXT('Raw Counts'!H6/'Raw Counts'!P6*100,"0.0")&"% +/- "&TEXT(SQRT(('Raw Counts'!H6/'Raw Counts'!P6)*(1-'Raw Counts'!H6/'Raw Counts'!P6)/'Raw Counts'!P6)*100,"0.0")&"%" -> 97.5% +/- 2.5% | J6: =TEXT('Raw Counts'!I6/'Raw Counts'!Q6*100,"0.0")&"% +/- "&TEXT(SQRT(('Raw Counts'!I6/'Raw Counts'!Q6)*(1-'Raw Counts'!I6/'Raw Counts'!Q6)/'Raw Counts'!Q6)*100,"0.0")&"%" -> 100.0% +/- 0.0% | K6: =SUM('Raw Counts'!B6:I6)/SUM('Raw Counts'!J6:Q6)*100 -> 73.75 | L6: =SQRT((SUM('Raw Counts'!B6:I6)/SUM('Raw Counts'!J6:Q6))*(1-SUM('Raw Counts'!B6:I6)/SUM('Raw Counts'!J6:Q6))/SUM('Raw Counts'!J6:Q6))*100 -> 2.4596351 | M6: =SUM('Raw Counts'!J6:Q6) -> 320
A7: Cynthia's Garchomp ex | B7: 625 | C7: =TEXT('Raw Counts'!B7/'Raw Counts'!J7*100,"0.0")&"% +/- "&TEXT(SQRT(('Raw Counts'!B7/'Raw Counts'!J7)*(1-'Raw Counts'!B7/'Raw Counts'!J7)/'Raw Counts'!J7)*100,"0.0")&"%" -> 65.0% +/- 7.5% | D7: =TEXT('Raw Counts'!C7/'Raw Counts'!K7*100,"0.0")&"% +/- "&TEXT(SQRT(('Raw Counts'!C7/'Raw Counts'!K7)*(1-'Raw Counts'!C7/'Raw Counts'!K7)/'Raw Counts'!K7)*100,"0.0")&"%" -> 85.0% +/- 5.6% | E7: =TEXT('Raw Counts'!D7/'Raw Counts'!L7*100,"0.0")&"% +/- "&TEXT(SQRT(('Raw Counts'!D7/'Raw Counts'!L7)*(1-'Raw Counts'!D7/'Raw Counts'!L7)/'Raw Counts'!L7)*100,"0.0")&"%" -> 37.5% +/- 7.7% | F7: =TEXT('Raw Counts'!E7/'Raw Counts'!M7*100,"0.0")&"% +/- "&TEXT(SQRT(('Raw Counts'!E7/'Raw Counts'!M7)*(1-'Raw Counts'!E7/'Raw Counts'!M7)/'Raw Counts'!M7)*100,"0.0")&"%" -> 100.0% +/- 0.0% | G7: =TEXT('Raw Counts'!F7/'Raw Counts'!N7*100,"0.0")&"% +/- "&TEXT(SQRT(('Raw Counts'!F7/'Raw Counts'!N7)*(1-'Raw Counts'!F7/'Raw Counts'!N7)/'Raw Counts'!N7)*100,"0.0")&"%" -> 75.0% +/- 6.8% | H7: =TEXT('Raw Counts'!G7/'Raw Counts'!O7*100,"0.0")&"% +/- "&TEXT(SQRT(('Raw Counts'!G7/'Raw Counts'!O7)*(1-'Raw Counts'!G7/'Raw Counts'!O7)/'Raw Counts'!O7)*100,"0.0")&"%" -> 52.5% +/- 7.9% | I7: =TEXT('Raw Counts'!H7/'Raw Counts'!P7*100,"0.0")&"% +/- "&TEXT(SQRT(('Raw Counts'!H7/'Raw Counts'!P7)*(1-'Raw Counts'!H7/'Raw Counts'!P7)/'Raw Counts'!P7)*100,"0.0")&"%" -> 55.0% +/- 7.9% | J7: =TEXT('Raw Counts'!I7/'Raw Counts'!Q7*100,"0.0")&"% +/- "&TEXT(SQRT(('Raw Counts'!I7/'Raw Counts'!Q7)*(1-'Raw Counts'!I7/'Raw Counts'!Q7)/'Raw Counts'!Q7)*100,"0.0")&"%" -> 97.5% +/- 2.5% | K7: =SUM('Raw Counts'!B7:I7)/SUM('Raw Counts'!J7:Q7)*100 -> 70.9375 | L7: =SQRT((SUM('Raw Counts'!B7:I7)/SUM('Raw Counts'!J7:Q7))*(1-SUM('Raw Counts'!B7:I7)/SUM('Raw Counts'!J7:Q7))/SUM('Raw Counts'!J7:Q7))*100 -> 2.538221 | M7: =SUM('Raw Counts'!J7:Q7) -> 320
A8: Mega Kangaskhan ex | B8: 600 | C8: =TEXT('Raw Counts'!B8/'Raw Counts'!J8*100,"0.0")&"% +/- "&TEXT(SQRT(('Raw Counts'!B8/'Raw Counts'!J8)*(1-'Raw Counts'!B8/'Raw Counts'!J8)/'Raw Counts'!J8)*100,"0.0")&"%" -> 10.0% +/- 4.7% | D8: =TEXT('Raw Counts'!C8/'Raw Counts'!K8*100,"0.0")&"% +/- "&TEXT(SQRT(('Raw Counts'!C8/'Raw Counts'!K8)*(1-'Raw Counts'!C8/'Raw Counts'!K8)/'Raw Counts'!K8)*100,"0.0")&"%" -> 20.0% +/- 6.3% | E8: =TEXT('Raw Counts'!D8/'Raw Counts'!L8*100,"0.0")&"% +/- "&TEXT(SQRT(('Raw Counts'!D8/'Raw Counts'!L8)*(1-'Raw Counts'!D8/'Raw Counts'!L8)/'Raw Counts'!L8)*100,"0.0")&"%" -> 22.5% +/- 6.6% | F8: =TEXT('Raw Counts'!E8/'Raw Counts'!M8*100,"0.0")&"% +/- "&TEXT(SQRT(('Raw Counts'!E8/'Raw Counts'!M8)*(1-'Raw Counts'!E8/'Raw Counts'!M8)/'Raw Counts'!M8)*100,"0.0")&"%" -> 90.0% +/- 4.7% | G8: =TEXT('Raw Counts'!F8/'Raw Counts'!N8*100,"0.0")&"% +/- "&TEXT(SQRT(('Raw Counts'!F8/'Raw Counts'!N8)*(1-'Raw Counts'!F8/'Raw Counts'!N8)/'Raw Counts'!N8)*100,"0.0")&"%" -> 67.5% +/- 7.4% | H8: =TEXT('Raw Counts'!G8/'Raw Counts'!O8*100,"0.0")&"% +/- "&TEXT(SQRT(('Raw Counts'!G8/'Raw Counts'!O8)*(1-'Raw Counts'!G8/'Raw Counts'!O8)/'Raw Counts'!O8)*100,"0.0")&"%" -> 10.0% +/- 4.7% | I8: =TEXT('Raw Counts'!H8/'Raw Counts'!P8*100,"0.0")&"% +/- "&TEXT(SQRT(('Raw Counts'!H8/'Raw Counts'!P8)*(1-'Raw Counts'!H8/'Raw Counts'!P8)/'Raw Counts'!P8)*100,"0.0")&"%" -> 47.5% +/- 7.9% | J8: =TEXT('Raw Counts'!I8/'Raw Counts'!Q8*100,"0.0")&"% +/- "&TEXT(SQRT(('Raw Counts'!I8/'Raw Counts'!Q8)*(1-'Raw Counts'!I8/'Raw Counts'!Q8)/'Raw Counts'!Q8)*100,"0.0")&"%" -> 92.5% +/- 4.2% | K8: =SUM('Raw Counts'!B8:I8)/SUM('Raw Counts'!J8:Q8)*100 -> 45 | L8: =SQRT((SUM('Raw Counts'!B8:I8)/SUM('Raw Counts'!J8:Q8))*(1-SUM('Raw Counts'!B8:I8)/SUM('Raw Counts'!J8:Q8))/SUM('Raw Counts'!J8:Q8))*100 -> 2.7810744 | M8: =SUM('Raw Counts'!J8:Q8) -> 320
A10: Cells = win% +/- sigma (SE = sqrt(p(1-p)/n)), mirrored pairs, --games 20 (40 games/cross-cell), --no-glicko-persist.
A11: Pairwise 95% CI separation: every deck arm above is separated from the Mega Lucario ex control (non-overlapping CIs, gap 15-49pp).
A12: NOT separated at this N: Grimmsnarl ex vs Spidops vs Garchomp ex vs Alakazam (adjacent-rank 95% CIs overlap). Grimmsnarl ex IS separated from Alakazam (non-adjacent, CI [73.9,82.9] vs [62.7,72.9]).

Sheet Learnability (Step 4)
A1: Deck | B1: vs-field win % (Matrix sheet) | C1: Win-rate rank | D1: Self-consistency (sample) | E1: Learnability rank | F1: Mean entropy (nats) | G1: Sample: episodes / decisions
A2: Marnie's Grimmsnarl ex | B2: 78.4 | C2: 1 | D2: 0.797 | E2: 1 | F2: 0.537 | G2: 40 eps / 600 decisions
A3: Team Rocket's Spidops | B3: 73.8 | C3: 2 | D3: 0.693 | E3: 4 | F3: 0.709 | G3: 40 eps / 600 decisions
A4: Cynthia's Garchomp ex | B4: 70.9 | C4: 3 | D4: 0.655 | E4: 6 | F4: 0.878 | G4: 40 eps / 600 decisions
A5: Alakazam | B5: 67.8 | C5: 4 | D5: 0.767 | E5: 2 | F5: 0.693 | G5: 40 eps / 600 decisions
A6: Dragapult ex | B6: 58.8 | C6: 5 | D6: 0.687 | E6: 5 | F6: 0.733 | G6: 40 eps / 600 decisions
A7: Mega Kangaskhan ex | B7: 45 | C7: 6 | D7: 0.765 | E7: 3 | F7: 0.698 | G7: 40 eps / 600 decisions
A9: FINDING: orderings disagree (Spearman rho ~ 0.26, weak).
A10: Mega Kangaskhan ex ranks 3rd on learnability (self-consistency 0.765) despite ranking LAST on win-rate (45.0%) among measured decks -- the model imitates its training demonstrations confidently, but that strategy still loses to the field.
A11: Cynthia's Garchomp ex is the inverse: LAST on learnability (self-consistency 0.655, highest entropy 0.878) yet 3rd on win-rate (70.9%) -- the model is least confident/consistent on this deck's decisions, yet still wins against the field.
A12: Learnability sampled 40 episodes / 600 decisions per deck (fixed seed=42), not the full corpus -- a compute-budget choice, not a full census.
